brand,mean_sale_price,cluster
& other stories,41.5,3
0,25.0,3
003,175.0,2
1. state,17.5,1
12 pm by mon ami,8.0,5
212 collection,16.0,1
22 december,30.0,3
3.1 phillip lim,63.333333333333336,4
3.1 phillip lim for target,35.333333333333336,3
32 degrees,16.0,1
332,109.0,2
41 hawthorn,18.0,1
4sienna,28.0,3
525,65.0,4
525 america,13.0,1
5th & love,18.0,1
62334,129.0,2
a la carte,30.0,3
a new day,13.833333333333334,1
a pea in the pod,24.5,3
a&n luxe,275.0,2
a'gaci,22.5,1
a'reve,23.0,3
a.f. vandervorts,70.0,4
a.l.c.,103.33333333333333,2
a.n.a,7.0,5
aa studio,10.5,5
aakaa,40.0,3
ab studio,12.0,1
abercrombie & fitch,24.476190476190474,3
abyss by abby,118.33333333333333,2
ace & jig,156.66666666666666,2
adam,25.0,3
adam levine collection,11.5,5
adelyn rae,42.5,3
adidas,31.857142857142858,3
adidas by stella mccartney,50.0,4
adrianna papell,46.64,4
adrienne nicoles,15.0,1
aerie,18.5,1
aeropostale,4.5,5
agb,27.0,3
agnes & dora,16.3125,1
aida coronado,104.5,2
aidan mattox,53.5,4
akira,17.8,1
akris,267.0,2
alberto makali,20.0,1
ale by alessandra,50.0,4
alex evenings,45.833333333333336,4
alex marie,35.0,3
alexander mcqueen,300.0,2
alexander wang,69.75,4
alexis,232.5,2
alfani,7.5,5
alfred angelo,21.0,1
alfred sung,15.0,1
ali ro,38.0,3
alice & you,16.0,1
alice + olivia,70.05882352941177,4
alice mccall,100.0,2
aliober,10.0,5
alison andrews,10.0,5
alkii,4.0,5
all for color,13.0,1
all saints,54.0,4
allison brittney,15.0,1
almatrichi,39.0,3
almost famous,14.0,1
altar'd state,26.666666666666668,3
alternative apparel,12.0,1
altuzarra for target,89.0,4
aluna levi,20.0,1
alya,15.666666666666666,1
alyce paris,160.0,2
alyx,19.333333333333332,1
amanda lane,40.0,3
amanda uprichard,60.75,4
ambiance,25.0,3
american apparel,12.285714285714286,1
american dream,7.0,5
american eagle outfitters,12.88888888888889,1
american living,32.666666666666664,3
american rag,19.6,1
amma designs,80.0,4
amour vert,55.5,4
amuse society,23.333333333333332,3
andjela boutique,25.0,3
andrew marc,52.666666666666664,4
angela,10.0,5
angl,21.666666666666668,1
animale,35.0,3
anine bing,175.0,2
anling fashion,10.0,5
ann ferriday,20.0,1
ann taylor,25.594594594594593,3
ann taylor factory,16.333333333333332,1
anna scholz,20.0,1
anna sui,72.83333333333333,4
anna sui for target,115.0,2
annabelle,29.0,3
anne klein,14.75,1
anthology,20.0,1
anthropologie,60.152091254752854,4
antibes blanc,23.0,3
antonio melani,24.125,3
aphratti,18.0,1
april cornell,10.0,5
april spirit,33.5,3
apt. 9,15.555555555555555,1
aqua,14.333333333333334,1
arbor,13.0,1
arden b,15.0,1
are you am i,86.0,4
areve,17.0,1
aritzia,39.666666666666664,3
arizona jean company,15.0,1
ark & co,25.0,3
armani exchange,17.5,1
arueh,15.0,1
aryeh,11.0,5
aryn k,23.0,3
as u wish,15.666666666666666,1
ascend,12.0,1
ashes & ivy,10.0,5
ashley stewart,21.2,1
asos,25.96153846153846,3
asos curve,36.05555555555556,3
asos maternity,20.2,1
asos petite,20.5,1
astr,37.5625,3
athleta,23.852941176470587,3
attention,13.0,1
attitudes by renee,16.0,1
audrey 3+1,12.0,1
august morgan,35.0,3
auguste the label,47.0,4
autumn elegance,20.0,1
auw,25.0,3
ava & aiden,32.0,3
ava & viv,12.666666666666666,1
ava sky,30.0,3
ava viv,20.0,1
avec les filles,62.0,4
avenue,9.8,5
ax paris,10.0,5
azazie,55.0,4
b darlin,14.571428571428571,1
b. smart,18.0,1
b.darlin,25.0,3
b2 jasmine,48.0,4
ba&sh,72.0,4
babeyond,35.0,3
baby phat,10.0,5
badgley mischka,77.75,4
bahari group,16.0,1
bailey 44,19.285714285714285,1
bailey blue,10.0,5
balmain,140.0,2
banana republic,20.483516483516482,1
banana republic factory,10.0,5
band of gypsies,28.2,3
banff,50.0,4
bar iii,16.5,1
bardot,50.30769230769231,4
barefoot dreams,40.0,3
bari jay,26.0,3
bariano australia,100.0,2
barneys new york co-op,37.0,3
bb dakota,27.0,3
bcbg,26.0,3
bcbgeneration,24.46153846153846,3
bcbgmaxazria,45.97872340425532,4
bd the label,50.0,4
beach riot,50.0,4
beachlunchlounge,18.333333333333332,1
beaufille,45.0,4
bebe,29.45945945945946,3
bebop,11.5,5
bec & bridge,75.0,4
beige by eci,10.5,5
bellamie,25.0,3
bellanblue,55.0,4
belle poque,20.0,1
bernie dexter,40.0,3
bess,11.5,5
betabrand,35.0,3
beth ditto,12.0,1
bethany mota,15.0,1
betsey johnson,31.074074074074073,3
betsy & adam,40.5,3
bettie page,29.0,3
bhldn,195.0,2
bill levkoff,10.0,5
billabong,41.0,3
billy t,50.0,4
birdy grey,55.0,4
birnbaum & bullock,250.0,2
bisou bisou,21.0,1
bl-nk,75.0,4
black halo,109.5,2
blackmilk,55.0,4
blair house boutique,45.0,4
blessed are the meek,35.0,3
blithe,35.0,3
bll nyc,25.0,3
bloomingdale's,10.0,5
blue bird,17.0,1
blue spice,10.0,5
blush,23.0,3
blvd,30.0,3
bobi,39.0,3
boden,32.651162790697676,3
boheme atelier,58.0,4
boohoo,15.125,1
boohoo petite,30.0,3
boohoo plus,19.0,1
boston proper,13.25,1
bougee boutique,16.0,1
boujee boutique,18.571428571428573,1
boutique,35.0,3
boutique one-fifteen / peach love ca,28.0,3
boutiquebtbay,48.0,4
bp,32.5,3
brandon maxwell,125.0,2
brandy melville,16.225806451612904,1
breeze ever,20.0,1
british lady,40.0,3
brixon ivy,39.0,3
brochu walker,89.0,4
bronx & banco,150.0,2
brooks brothers,32.875,3
bubu,5.0,5
buckle,19.0,1
buddy love,42.666666666666664,3
burberry,108.28571428571429,2
by & by,29.0,3
by the way.,32.5,3
byer too,13.5,1
byron lars,140.0,2
c,24.0,3
c.c. boutique,20.0,1
c.o.c.,35.0,3
c/meo collective,25.0,3
cabi,28.333333333333332,3
cacharel,45.0,4
cache,35.0,3
cachet,40.0,3
cakeworthy,20.0,1
california costume,16.0,1
california costumes,20.0,1
california girl,25.0,3
california woman,16.0,1
calvin klein,24.95967741935484,3
calvin klein collection,18.0,1
calypso st. barth,80.0,4
camilla,96.0,2
camille la vie,56.666666666666664,4
candalite,14.0,1
candie's,14.0,1
caranola,18.0,1
carly jean los angeles,23.0,3
carmen marc valvo,31.666666666666668,3
carolina herrera,162.0,2
carols boutique,24.0,3
casche,45.0,4
caslon,17.333333333333332,1
casual corner,20.0,1
catch me,18.0,1
cath kidston,30.0,3
catherine malandrino,55.0,4
catherines,5.5,5
cato,8.0,5
caution to the wind,15.0,1
cbazaar,37.5,3
cece,18.666666666666668,1
ces femme,20.0,1
chadwicks,25.0,3
chaiken,9.0,5
champagne and strawberry,30.0,3
chanel,283.3333333333333,2
chaps,22.571428571428573,1
charlotte russe,14.636363636363637,1
charme u,31.0,3
charming charlie,9.75,5
charo ruiz,80.0,4
charter club,13.0,1
chelsea & theodore,35.0,3
chelsea & violet,31.5,3
chelsea28,22.0,1
cherish,18.25,1
cherry & grace,14.0,1
chetta b,20.5,1
cheyenne,50.0,4
chi chi london,42.0,3
chiara boni,126.25,2
chic^threads,58.0,4
chicanary vintage inspired,31.0,3
chicbomb,28.0,3
chico's,20.5,1
chicwish,35.0,3
choosy,20.0,1
christina love,23.0,3
christy dawn,105.2,2
ciao couture,56.0,4
cinderella,33.0,3
cinq a sept,70.33333333333333,4
city chic,37.19047619047619,3
city streets,7.0,5
city studio,27.0,3
city triangles,24.0,3
clad & cloth,25.0,3
cleobella,75.0,4
clinique,11.0,5
clio,10.0,5
clmbrynm,13.0,1
cloth & stone,25.0,3
clover canyon,60.0,4
club l,75.0,4
club monaco,28.75,3
co nursing wear,9.5,5
coach,72.0,4
coldwater creek,15.25,1
collectif,30.666666666666668,3
columbia,19.25,1
connected apparel,21.133333333333333,1
conscious clothing,125.0,2
converse,14.5,1
coogi,30.0,3
copper key,9.0,5
cos,33.666666666666664,3
cotton on,19.0,1
courrèges,45.0,4
cozy casual,20.0,1
cq by cq,5.0,5
cralove,18.0,1
crazy train,12.0,1
crescent,20.5,1
cristinalove,9.0,5
crown & ivy,21.5,1
cry baby,15.0,1
csc studio,10.0,5
cupcakes & cashmere,50.0,4
current air,40.0,3
custom,75.0,4
cut loose,22.0,1
cy,15.0,1
cynthia ashby,55.0,4
cynthia rowley,19.1,1
cynthia steffe,30.0,3
dainty hooligan,14.0,1
dainty jewells,22.0,1
daisland,18.0,1
daisys boutique,34.0,3
dakini,35.0,3
dana buchman,11.833333333333334,1
dancing queen,20.0,1
daniel & rebecca,29.0,3
danny & nicole,22.75,3
danskin,34.0,3
dave & johnny,40.0,3
davi & dani,31.0,3
david lerner,28.0,3
david meister,33.5,3
david's bridal,59.5,4
daydream,28.0,3
daytrip,8.0,5
db sport,17.0,1
dc comics,20.0,1
deb,15.0,1
delia*s,6.0,5
democracy,40.0,3
denim & supply ralph lauren,28.666666666666668,3
depending on the horizon,7.0,5
derek heart,7.0,5
derek lam,167.5,2
des feli,52.25,4
design history,12.0,1
desigual,27.6,3
devided,15.0,1
diane freis,100.0,2
diane von furstenberg,54.810810810810814,4
diane von furstenberg vintage,40.0,3
dickies,25.0,3
dimity bourke,39.0,3
dior,500.0,2
discount universe,80.0,4
discreet,12.0,1
disney,28.0,3
divided,7.5,5
dj-jaz,64.0,4
djt,15.0,1
dkny,28.333333333333332,3
dna,40.0,3
do & be,40.0,3
doctor who,14.0,1
doe & rae,9.0,5
doen,138.8,2
dolce & gabbana,133.0,2
dolce vita,29.0,3
dollface,20.0,1
dollhouse dress shop,35.666666666666664,3
dolls kill,22.333333333333332,1
donna morgan,17.25,1
donna ricco,20.5,1
dorothy perkins,14.0,1
dotted,6.0,5
double zero,15.5,1
downeast,10.0,5
dr who,13.0,1
drama gold,13.0,1
draper james,59.666666666666664,4
drapers & damon’s,10.0,5
dream of me,20.0,1
dreamgirl,15.0,1
dress barn,18.727272727272727,1
dress the population,97.11111111111111,2
dress v,8.0,5
dressbarn,16.428571428571427,1
dressember x sseko,120.0,2
dwell and slumber,32.5,3
earthbound,18.0,1
easel,26.0,3
east 5th,12.0,1
eastern sun,20.0,1
ebizza,7.0,5
eci,26.666666666666668,3
eclair,15.0,1
ecote,29.5,3
eddie bauer,25.0,3
edgy couture,44.0,4
effie’s heart,14.0,1
egy,12.0,1
eight paris,30.0,3
eileen fisher,39.45,3
ekattire,39.0,3
elan,10.0,5
elegant moments,64.0,4
elf sack,15.0,1
elie tahari,36.666666666666664,3
eliza j,32.333333333333336,3
elizabeth and james,45.142857142857146,4
ella samani,22.333333333333332,1
elle,14.0,1
ellen tracy,11.333333333333334,5
elliatt,35.0,3
ellie kai,15.0,1
ellie wilde,70.0,4
eloges,18.0,1
eloquii,36.96296296296296,3
emerald sundae,20.0,1
emerson fry,42.0,3
emilio pucci,58.0,4
emily and fin,25.0,3
emilyandfin,37.0,3
emma baby,45.0,4
emmdee,11.0,5
emmelee for f.c.,3.0,5
endless rose,35.5,3
endless summer,70.0,4
energie,12.0,1
enfocus studio,16.181818181818183,1
english factory,15.0,1
english rose,3.0,5
entro,26.857142857142858,3
enza costa,135.0,2
epresso,12.0,1
equipment,60.0,4
escapada,20.0,1
eshakti,22.8,3
esley,14.5,1
essue,15.0,1
etro,99.0,2
eurban,12.0,1
eva franco,89.0,4
eva mendes,35.0,3
eva mendes for new york & company,20.8,1
evan picone,30.666666666666668,3
ever pretty,55.0,4
evereve,15.0,1
everlane,36.75,3
everly,18.125,1
everpretty,18.0,1
eviecarche,41.0,3
expo new york,15.0,1
express,19.5,1
expression,25.0,3
exquisite styles,5.0,5
eye candy,17.0,1
eyecandy,3.0,5
fabletics,25.0,3
faded glory,10.0,5
fairlygirly,55.333333333333336,4
faithfull the brand,60.333333333333336,4
fame and partners,110.0,2
fancathy,16.0,1
farm,22.0,1
faroot,20.0,1
fashion nova,17.043478260869566,1
fashion to figure,12.5,1
faviana,65.0,4
favlux,10.0,5
fayt,12.0,1
feelib,20.0,1
felicias,39.0,3
felicity & coco,20.0,1
fem fatale,23.0,3
fendi,113.75,2
fenn wright manson,26.0,3
few moda,71.66666666666667,4
fighting eel,29.0,3
figleaffashion,46.5,4
fila,24.0,3
fillyboo,85.0,4
first rite,60.0,4
fjallraven,60.0,4
flamingo urban,25.0,3
flax,41.75,3
fleur bleue,10.0,5
flying tomato,19.0,1
flynn skye,42.5,3
for love and lemons,102.45,2
for you dress,30.0,3
foreign exchange,29.0,3
forever 21,12.678899082568808,1
forgot,5.0,5
formula x,10.0,5
fossil,18.333333333333332,1
francesca's collections,15.428571428571429,1
frank & eileen,32.5,3
fred perry,20.0,1
free generation,15.0,1
free people,37.70254957507082,3
free press,8.0,5
freebird by steven,25.0,3
freesia,10.0,5
french connection,27.08695652173913,3
french grey,23.75,3
fresh,15.0,1
fresh produce,26.0,3
fubu,20.0,1
fury,20.0,1
fynn and rose,22.0,1
g-star,89.0,4
gabby skye,24.5,3
gal meets glam,68.57142857142857,4
game of thrones,5.0,5
ganni,90.0,4
gap,17.458333333333332,1
garnet hill,25.0,3
geeta,35.0,3
get bullish,40.0,3
gianni bini,20.11111111111111,1
giorgio armani,175.0,2
giovanni di rocco,42.0,3
glam squad 2 you,25.0,3
glamvault,25.0,3
glorystar,45.0,4
gls collective,200.0,2
go couture,8.0,5
golden state,15.0,1
goldray,50.0,4
golightly,28.0,3
good clothes,12.0,1
goodnight macaroon,15.0,1
gothicpot@medicinebound boutique,20.0,1
grace & lace,25.0,3
grace karin,17.0,1
grana,40.0,3
great jones,15.0,1
grecerelle,12.0,1
gretchen scott designs,37.75,3
gucci,219.0,2
gudrun sjoden,39.0,3
guess,23.307692307692307,3
guess by marciano,48.0,4
gunne sax,65.0,4
gypsy 05,36.666666666666664,3
gypsy tale,49.0,4
h by halston,35.0,3
h&h,8.0,5
h&m,14.521739130434783,1
h&m x balmain,70.0,4
h.ours,60.0,4
h.w.l,15.0,1
hailey & co,13.0,1
hailjax,42.5,3
hale bob,32.0,3
halogen,17.5,1
halston heritage,66.25,4
hand made,18.0,1
haoduoyi,8.0,5
harry potter,25.0,3
hatch,59.375,4
hatley,25.0,3
haute hippie,70.33333333333333,4
haute monde,10.0,5
hawaiian original,21.0,1
hayley matthews,12.0,1
haystacks,8.0,5
heart & hips,12.0,1
hearts & hips,7.0,5
hearts & roses,25.0,3
hego,16.0,1
hell bunny,25.333333333333332,3
hello miss,10.0,5
hello molly,32.416666666666664,3
helmut lang,102.0,2
heloise fashion,12.666666666666666,1
her universe,16.666666666666668,1
heritage 1981,5.0,5
herve leger,197.0,2
hidden alley,60.0,4
highline,13.0,1
hillard & hanson,10.0,5
hillary hills,15.0,1
hilo hattie,21.0,1
hoamgar,128.0,2
hocus pocus,22.0,1
holding horses,28.5,3
holiday time,20.0,1
hollister,11.666666666666666,1
homeyee fashion,13.0,1
honey belle,20.0,1
honey punch,21.625,1
honeyme,17.0,1
horny toad,19.8,1
hot miami styles,30.0,3
hot topic,17.363636363636363,1
house of cb,76.11538461538461,4
house of harlow 1960,57.0,4
howard wolf,30.0,3
hugo boss,108.0,2
hummingbird,25.0,3
hunter for target,13.0,1
i love h81,9.0,5
i ma bella,8.0,5
i. madeline,22.5,1
i.c.e.,15.0,1
i.n. studio,13.0,1
ibex,50.0,4
ice,5.0,5
iconic luxe,5.0,5
icy fashion,13.0,1
idk,5.0,5
idol,27.0,3
igigi,20.4,1
ignite evenings,65.0,4
ile,10.5,5
illa illa,20.0,1
inc international concepts,18.22222222222222,1
indah,75.0,4
india boutique,16.0,1
indikah,28.0,3
infinity raine,20.75,1
ingrid & isabel,15.6,1
inso,23.0,3
iolani made in hawaii,33.0,3
iris,30.0,3
iro,40.0,3
iron fist,65.0,4
isaac mizrahi,74.5,4
isabel marant,90.0,4
isabella oliver,43.0,4
isabelle’s cabinet,30.0,3
ivanka trump,22.333333333333332,1
ivy blu,36.0,3
ivy jane,25.0,3
ivy park,25.0,3
iz byer,31.0,3
j,35.0,3
j gee,15.0,1
j. crew,29.095238095238095,3
j. crew factory,22.0,1
j. howard,12.0,1
j. jill,20.727272727272727,1
j. mclaughlin,45.2,4
j.o.a.,19.5,1
jaase,20.0,1
jack by bb dakota,21.0,1
jaclyn smith,5.0,5
jade,6.0,5
jade mackenzie,22.0,1
james perse,39.666666666666664,3
jams world,40.0,3
jane ashley,13.0,1
janette plus,14.0,1
january 7,10.0,5
jarlo,28.0,3
jasmine,69.0,4
jason wu,8.0,5
jason wu for target,47.333333333333336,4
jawbreaker,40.0,3
jax,10.5,5
jaygodfrey,55.0,4
jcpenney,35.0,3
jdy,32.0,3
jen's pirate booty,45.0,4
jennifer lopez,18.833333333333332,1
jennifer west,28.0,3
jenny yoo,139.16666666666666,2
jessica howard,22.444444444444443,1
jessica mcclintock,17.0,1
jessica simpson,22.4375,1
jigsaw,45.0,4
jill stuart,125.71428571428571,2
jj authentic,10.0,5
jj’s house,30.0,3
jluxlabel,38.0,3
jm collection,11.5,5
jngl,9.0,5
jodi kristopher,13.5,1
jodifl,38.0,3
johnnie m,8.0,5
johnny was,62.27777777777778,4
joie,34.125,3
jonathan martin,25.0,3
jones new york,20.818181818181817,1
jones wear,26.0,3
jones wear dress,8.0,5
joseph ribkoff,38.25,3
jovani,247.57142857142858,2
jr nites,7.0,5
jubilee clothe,30.0,3
jude connally,46.46153846153846,4
judith march,53.0,4
juicy couture,18.0,1
julian taylor,33.25,3
jump apparel co. by wendye choiten,20.0,1
june & hudson,20.0,1
june born in july,15.0,1
junees,15.0,1
junk food clothing,22.4,1
just cavalli,18.0,1
just for wraps,16.0,1
just me,15.0,1
just taylor,29.0,3
just...taylor,11.0,5
justfab,18.0,1
justmccoy,15.0,1
jw san francisco,13.0,1
kamali kulture,31.5,3
kardashian kollection,10.0,5
karen alexander,20.0,1
karen kane,25.0,3
karen millen,50.25,4
karen zambos,20.0,1
kari's korner,21.0,1
karin stevens,6.0,5
karl lagerfeld,31.0,3
karma highway,50.0,4
kasper,18.333333333333332,1
kate spade,73.07692307692308,4
kavu,20.0,1
kay unger,36.666666666666664,3
kayce hughes,15.0,1
kealopiko,15.0,1
kelly renee,11.0,5
kendall & kylie,26.333333333333332,3
kenneth cole,30.0,3
kenny classics,40.0,3
kensie,25.5,3
keren hart,12.0,1
killstar,31.4,3
kimchi blue,17.666666666666668,1
kirna zabete,13.333333333333334,1
kirra,5.0,5
kivari,70.0,4
kiyonna,40.8,3
kjansy,45.0,4
knot sisters,46.0,4
knox rose,18.25,1
kobi,10.0,5
komarov,55.0,4
kookai,45.0,4
kopal,50.0,4
kori,39.0,3
korsis,33.0,3
kut from the kloth,15.0,1
l'academie,60.0,4
l'atiste,26.0,3
l*space,30.0,3
l.a.m.b.,35.0,3
l.l. bean,23.333333333333332,3
la belle,12.0,1
la cera,9.0,5
la femme,55.0,4
la soul,35.0,3
lacoste,38.375,3
lafayette 148 new york,72.5,4
lands' end,18.875,1
lane bryant,21.857142857142858,1
lanvin,42.0,3
lapdance,11.0,5
lapdance lingerie,12.0,1
lapis,17.5,1
lark & ro,12.5,1
last exit,13.0,1
last tango,22.0,1
latched mama,27.666666666666668,3
lati fashion,8.0,5
laundry by design,42.0,3
laundry by shelli segal,36.25,3
laura ashley,30.0,3
lauren james,24.0,3
lauren moshi,100.0,2
lauren ralph lauren,29.9,3
laurence  kazar,199.0,2
laurence kazar,100.0,2
lazy oaf,75.0,4
lc lauren conrad,14.071428571428571,1
le lis,29.5,3
le suit,15.0,1
leg avenue,31.8,3
leith,24.88888888888889,3
lela rose,250.0,2
leonard paris,282.5,2
leota,22.666666666666668,1
leslie fay,31.0,3
let’s,15.0,1
level eight,8.0,5
lexington l avenue,15.0,1
lf,23.25,3
libby edelman,36.0,3
libian,15.0,1
likely,115.0,2
lilith,12.0,1
lilly pulitzer,44.517391304347825,4
lilly pulitzer for target,52.166666666666664,4
lilly rose,10.0,5
lily doe,45.0,4
lily rose,10.0,5
lily white,8.0,5
lilyandgypsy,30.0,3
lima bean boutique,64.0,4
lindy bop,29.333333333333332,3
line & dot,19.0,1
line up,23.0,3
lip service,15.0,1
little black dog boutique,40.0,3
littlegypsie,30.0,3
living doll,13.0,1
liz claiborne,16.75,1
liz lange,20.0,1
liz lange for target,11.0,5
liz roberts,15.0,1
llove,18.0,1
loft,18.68686868686869,1
logo by lori goldstein,20.333333333333332,1
lola,28.0,3
lolli couture,30.0,3
london style,25.0,3
london times,21.933333333333334,1
long tall sally,28.0,3
loose fitted harem dress,28.0,3
loose fitting maxi dress slit,45.0,4
lost + wander,81.0,4
lou & grey,23.1,3
loup,92.0,4
love + harmony,28.0,3
love 2 b free,5.0,5
love chesley,15.0,1
love culture,15.0,1
love first sight @ target,8.0,5
love in,20.5,1
love j,14.0,1
love moschino,63.5,4
love own,34.0,3
love reign,17.0,1
love republic,15.0,1
love riche,22.5,1
love stitch,35.857142857142854,3
love tree denim,10.0,5
"love, fire",16.5,1
love...ady,25.0,3
loveriche,24.0,3
lovers + friends,48.85,4
loveshackfancy,110.71428571428571,2
lovestitch,14.0,1
lpa,60.0,4
lucci lu,90.0,4
lucky brand,26.666666666666668,3
lucy & co,46.0,4
lucy in the,20.0,1
lucy in the sky,22.0,1
lucy paris,30.0,3
lucy wang,25.0,3
ludi,60.0,4
lularoe,19.443181818181817,1
lulu's,34.308056872037916,3
lululemon athletica,54.61538461538461,4
lulumari,45.0,4
lulus,50.0,4
lumier by bariano,58.0,4
lush,16.125,1
luvalot,28.0,3
luxe by carmen marc valvo,35.0,3
luxology,11.0,5
luxxel,19.5,1
l’amour le allure,75.0,4
m&s,25.0,3
mac duggal,107.33333333333333,2
macy's,22.0,1
made in britian,115.0,2
made of starlight,10.0,5
madewell,35.09722222222222,3
madewell - reserved for bundle,4.0,5
madison,9.0,5
madison leigh,14.5,1
maeseor,17.0,1
maeve,25.25,3
magaschoni,27.666666666666668,3
maggy london,24.291666666666668,3
magnolia pearl,175.0,2
mahi gold,30.0,3
main strip,25.0,3
maison garrison,55.0,4
maison jules,26.0,3
maje,129.75,2
majorelle,60.333333333333336,4
mango,22.75,3
maniju,38.5,3
manito,9.0,5
manuheali'i,32.0,3
mara hoffman,90.0,4
marai nevaeh boutique,20.0,1
marc by marc jacobs,54.5,4
marc jacobs,33.666666666666664,3
"marc, calvin, nine & catherine",80.0,4
marchesa,70.0,4
marciano,55.666666666666664,4
marco luxe,65.0,4
marie oliver,125.0,2
marilyn mills collection,40.0,3
marimekko,36.42857142857143,3
marina,24.0,3
market & spruce,12.0,1
marshalls,15.0,1
marvel,15.0,1
masquerade,55.0,4
massimo dutti,47.5,4
mata traders,21.0,1
matilda jane,29.0,3
matta,95.0,2
maurices,19.1,1
max edition,28.0,3
max studio,20.0,1
maxi,20.0,1
maxi dress,75.0,4
maxmara,40.0,3
may queen,117.0,2
maya,60.0,4
maya brooke,40.0,3
mayqueen,285.0,2
mbm unlimited,41.0,3
melissa mccarthy,51.0,4
menthe and mangrove,25.0,3
merci,30.0,3
meri skye,25.0,3
merona,15.8,1
merrell,25.0,3
meshki,25.0,3
metal mulisha,16.5,1
metaphor,34.0,3
metropark,22.0,1
mexicana,12.0,1
mfashions,23.0,3
mhl,45.0,4
mi golondrina,80.0,4
miami,10.0,5
miccostumes,18.0,1
michael costello,120.0,2
michael kors,25.533333333333335,3
michael michael kors,23.09090909090909,3
michael stars,17.5,1
michelangelo,30.0,3
mikarose,28.0,3
milly,58.25,4
milly of new york,38.6,3
mimi chica,29.0,3
mind code,10.0,5
mini chica,10.0,5
minkpink,30.0,3
minnie rose,17.0,1
minty,26.0,3
misa los angeles,102.14285714285714,2
mischa barton,39.0,3
misha collection,50.0,4
miss california,18.0,1
miss candyfloss,70.0,4
miss me,18.0,1
missguided,18.57894736842105,1
misslook,30.0,3
missoni,63.4,4
missoni for target,39.55555555555556,3
mitilly,12.0,1
miusol,20.0,1
mlle gabrielle,15.0,1
mm couture,12.0,1
mm lafleur,77.07692307692308,4
mod,15.0,1
moda,6.0,5
moda international,15.0,1
modcloth,32.57142857142857,3
modern citizen,40.0,3
modern owl boutique,49.0,4
monif c.,25.0,3
monique lhuillier,60.0,4
monoreno,11.0,5
monoretro,30.0,3
monteau,10.6,5
morgan & co.,19.0,1
mori lee,18.0,1
moschino,120.0,2
mossimo,25.0,3
mossimo supply co.,11.23076923076923,5
motel rocks,46.25,4
mother,49.0,4
mother bee maternity,39.0,3
motherhood,25.0,3
motherhood maternity,18.0,1
moulinette soeurs,25.0,3
msk,22.0,1
mud pie,22.5,1
muddhoney,19.0,1
mudhdoney,18.0,1
muisol,12.0,1
multiples,9.0,5
munro,35.0,3
mura boutique,20.0,1
muse,15.0,1
mustard seed,35.0,3
my bump,8.0,5
my fashion,29.333333333333332,3
my michelle,10.666666666666666,5
myespen,12.0,1
myifu,20.0,1
myne,30.0,3
myrtlewood of california,25.0,3
mystree,26.0,3
n:philanthropy,35.0,3
naked wardrobe,16.0,1
nally & millie,45.0,4
nanette lepore,43.0,4
nasty gal,21.25,1
nasty gal x courtney love,85.0,4
nastygal,20.0,1
natori,26.0,3
natural impressions,10.0,5
naughty monkey,50.0,4
nbd,55.0,4
needle & thread,53.0,4
neiman marcus,55.0,4
new directions,18.0,1
new north,17.0,1
new york & company,13.545454545454545,1
nextmia,17.5,1
nick & mo,17.75,1
nicki minaj,10.0,5
nicole by nicole miller,40.0,3
nicole miller,40.416666666666664,3
night moves prom collection,75.0,4
night way collections,35.0,3
nightcap,20.0,1
nightmare before christmas,25.0,3
nike,29.666666666666668,3
nikibiki,14.0,1
nina austin,100.0,2
nina piccalino,10.0,5
nine & co.,20.0,1
nine west,20.416666666666668,1
ninety,14.0,1
niteline,8.0,5
no boundaries,7.5,5
no brand,34.8,3
no comment,10.0,5
nobo,10.0,5
noctex,27.0,3
nolan miller,6.0,5
nom de plume,10.0,5
noname,13.0,1
nora gardner,45.0,4
nordstrom,42.75,3
norm thompson,14.0,1
norma kamali,17.0,1
notperfectlinen,75.0,4
novella royale,40.0,3
nsr,29.0,3
nursing mamas,11.0,5
ny collection,8.0,5
o'neill,31.166666666666668,3
oak + fort,45.0,4
oasis,10.0,5
obey,22.0,1
october love,28.0,3
oddi,7.0,5
oddy,13.0,1
odille,10.0,5
oh polly,32.833333333333336,3
old navy,12.753086419753087,1
oliphant,58.333333333333336,4
olivaceous,28.75,3
olivia matthews,16.0,1
olivia rae,34.0,3
one blessed nana,15.0,1
one clothing,13.666666666666666,1
one story,18.0,1
one world,19.0,1
onlo,20.0,1
only child,70.0,4
onyx nite,24.5,3
ooh la lou,62.0,4
ooh la luxe,20.0,1
ootd fash,20.0,1
ootdfash,3.0,5
orange creek,13.0,1
order plus,10.0,5
orvis,30.0,3
oscar de la renta,131.66666666666666,2
oscar st,13.0,1
osei duro,16.0,1
outdoor voices,56.0,4
pact,22.0,1
pakistani maria b,80.0,4
pam & gela,25.0,3
papaya,10.75,5
paper crane,26.0,3
paper crown,30.0,3
paper doll,14.0,1
papermoon,17.666666666666668,1
paradise,8.0,5
paraella,15.0,1
paris&pearle,34.666666666666664,3
parisian works,36.0,3
parker,40.714285714285715,3
pat pat,18.0,1
patagonia,30.454545454545453,3
patra,62.0,4
peaceful people,25.0,3
peach love california,24.0,3
pendleton,72.0,4
peruvian connection,54.2,4
peter nygard,17.0,1
philip lim,25.0,3
philosophy,17.0,1
phoebe couture,8.0,5
piko 1988,16.5,1
pink lily,10.0,5
pink lotus,12.0,1
pink owl,13.0,1
pink republic,14.5,1
pink rose,8.0,5
pink victoria's secret,7.0,5
pinkblush,25.3125,3
pinky,49.0,4
pins & needles,28.0,3
pinup couture,67.23809523809524,4
pinup girl clothing,80.0,4
piper & scoot,16.0,1
pisarro nights,60.0,4
pitusa,42.0,3
pixley,5.0,5
plastic island,64.0,4
playboy,11.0,5
plenty by tracy reese,25.0,3
poetry,3.0,5
polo by ralph lauren,16.25,1
poof!,7.0,5
popana,15.0,1
popular,10.0,5
positive attitude,29.0,3
poupette st. barth,25.0,3
prada,100.0,2
prairie underground,40.0,3
prana,24.333333333333332,3
premise,25.0,3
preston & york,22.0,1
pretty little thing,15.0,1
pretty young thing,10.0,5
prettylittlething,16.25,1
primavera couture,240.0,2
princess polly,22.46153846153846,1
princess vera wang,14.0,1
privacy please,36.666666666666664,3
private label,68.16666666666667,4
privy,20.0,1
prologue,18.0,1
pull&bear,38.0,3
purple snow,16.0,1
pussycat london,15.0,1
pyne and smith,120.0,2
pynklyon,14.0,1
quum,20.0,1
r & m collection,50.0,4
r & m richards,40.5,3
r&m richards,24.75,3
rachel comey,52.0,4
rachel pally,67.0,4
rachel parcell,50.166666666666664,4
rachel rachel roy,23.5,3
rachel roy,29.0,3
rachel zoe,40.75,3
rag & bone,43.333333333333336,4
rage curve,14.0,1
rails,49.666666666666664,4
ralph lauren,37.333333333333336,3
rampage,13.5,1
ramy brook,50.0,4
rare london,12.5,1
rasta imposta,21.0,1
rat & boa,116.0,2
rat and boa,160.0,2
raven + lily,14.0,1
raviya,16.5,1
rdi,5.0,5
realisation,97.16666666666667,2
reb & j,18.0,1
reba,45.0,4
rebecca de ravenel,150.0,2
rebecca minkoff,36.0,3
rebecca taylor,69.92857142857143,4
rebel wilson,48.0,4
reborn,15.0,1
reborn j,32.75,3
red dress boutique,14.4,1
red fox,21.0,1
red sky,21.0,1
red valentino,100.0,2
reed krakoff,179.0,2
reformation,107.59803921568627,2
rehab,35.0,3
reiss,101.66666666666667,2
relaxx,7.0,5
renee c.,30.0,3
retro,10.0,5
retrofete,330.0,2
retrolicious,28.0,3
revolve,40.0,3
revolve superdown,30.0,3
rex lester,31.0,3
rhapsody,32.0,3
rhode resort,77.0,4
ricarica,62.333333333333336,4
ricki’s,42.5,3
river island,15.0,1
roaman's,38.0,3
robbie bee,25.0,3
robert rodriguez,22.0,1
roberta roller rabbit,50.0,4
roberto rodriguez,75.0,4
robin piccone,40.0,3
rochas,480.0,2
rodarte for target,23.0,3
rokoko,18.0,1
roland mouret,575.0,2
rolla coster,26.0,3
romeo & juliet couture,45.125,4
ronni nicole,35.0,3
ronnie nicole,5.0,5
roolee,21.416666666666668,1
roots,20.0,1
rose gal,21.0,1
rouge!,49.875,4
rouje,111.0,2
roulette,15.0,1
roxy,18.0,1
royal creations,25.0,3
roz & ali,18.666666666666668,1
"rubber ducky productions, inc.",50.0,4
rubie's,15.666666666666666,1
rue21,13.5,1
rugby ralph lauren,40.0,3
run & fly,30.0,3
rvca,29.0,3
ryan michelle,9.0,5
ryu,20.0,1
s. the widow,40.0,3
s.h.e.,10.0,5
s.l. fashions,66.0,4
sabo skirt,30.0,3
sadie & sage,25.0,3
saga brand,5.0,5
sage,20.0,1
sahara,10.0,5
sail to sable,24.0,3
salvage,32.5,3
sam edelman,38.0,3
sandra darren,12.0,1
sandro,100.0,2
sans souci,18.0,1
sarah so chic boutique,20.0,1
save the queen,70.0,4
say what?,12.0,1
saylor,40.0,3
scala,40.0,3
scarlett,11.0,5
scarlettsbags,35.0,3
scotch & soda,28.0,3
seahorse by watters,35.0,3
sears,17.0,1
see by chloe,66.0,4
see you monday,14.0,1
self-portrait,192.85714285714286,2
selfie,13.0,1
selfie leslie,36.0,3
sequin hearts,35.0,3
seraphine,27.5,3
serengeti,18.0,1
sexy diva,30.0,3
sezane,31.5,3
sharagano,13.0,1
shareen,30.0,3
she's cool,15.0,1
she+sky,22.0,1
shein,12.222222222222221,1
sheri martin,18.0,1
sherri hill,144.5,2
shinestar,14.0,1
shomi,50.0,4
shop navy gray,15.0,1
shop_terracotta,20.0,1
shoshanna,76.0,4
show me your mumu,47.38095238095238,4
showpo.,17.333333333333332,1
sid+allie,15.0,1
sienna sky,8.333333333333334,5
silence + noise,22.5,1
silver dragon,12.0,1
simiry's,31.0,3
simple,10.0,5
simply lotus,35.0,3
simply noelle,20.0,1
simply southern,11.5,5
simply vera vera wang,10.0,5
sisley,22.0,1
sister jane,30.0,3
sister mary,25.0,3
skies are blue,19.666666666666668,1
skull cashmere,60.0,4
sky,40.69230769230769,3
sky and sparrow from tilly's,22.0,1
skylar + madison,20.0,1
skylar and madison,11.0,5
smys,25.0,3
snap,22.0,1
so,10.0,5
so sweetly,18.0,1
social bridesmaids,37.5,3
socialite,11.5,5
society girl,7.0,5
soft joie,27.0,3
soft surroundings,30.25,3
soft works,12.0,1
soieblu,75.0,4
sol angeles,25.0,3
solaris style,30.0,3
solemio,10.333333333333334,5
soma,16.4,1
someday blush,38.0,3
something navy,42.5,3
song of style,75.0,4
sonnet james,28.333333333333332,3
soprano,18.6,1
sorella vita,70.0,4
soul revival,20.0,1
sourpuss,30.666666666666668,3
southern fried chic,30.0,3
southern fried chics,20.0,1
southern grace,36.0,3
southern stitch,25.0,3
southern tide,49.0,4
soybu,13.5,1
speechless,15.5,1
speed control,17.0,1
spell & the gypsy collective,123.31818181818181,2
spense,29.0,3
spenser jeremy,27.5,3
spice wear,20.0,1
spiegel,13.5,1
splendid,29.0,3
spruce & sage,13.0,1
st. john,79.0,4
st. john collection,92.5,4
st. john's bay,13.0,1
staccato,7.0,5
star wars,32.0,3
starina,20.0,1
staring at stars,14.0,1
stella mccartney,75.0,4
stephani greenfield,10.0,5
steve madden,19.0,1
steven alan,22.0,1
stitch fix,50.0,4
stone cold fox,200.0,2
stoned immaculate,110.0,2
stop staring,64.66666666666667,4
storq,27.5,3
storq maternity,40.0,3
story of my dress,10.0,5
stresa,20.0,1
studio i,16.666666666666668,1
studio y,18.0,1
style & co,13.8,1
style addict,25.0,3
sue wong,35.0,3
sugar + lips,18.0,1
sugar lips,7.0,5
sugarlips,16.0,1
sundance,15.0,1
sunnyluxe,16.5,1
sunset & rose,8.0,5
super,20.0,1
superdown,35.0,3
superdry,17.5,1
superfoxx,5.0,5
surface to air,68.0,4
susan graver,28.0,3
suzi chin for maggy boutique,35.0,3
sweet claire,16.0,1
sweet lovely,15.0,1
sweet pea,5.0,5
sweet rain,8.0,5
sweet storm,21.5,1
swf,80.0,4
symphony,15.0,1
t by alexander wang,22.0,1
t tahari,12.0,1
tacera,17.5,1
tadashi shoji,82.94444444444444,4
tahari,26.695652173913043,3
taj by sabrina crippa,50.0,4
talbots,25.1,3
tally taylor,50.0,4
talula,16.0,1
target,25.0,3
tatyana,110.0,2
taylor,20.0,1
taylor woman,7.0,5
tea n cup,23.0,3
ted baker,76.19047619047619,4
ted baker london,86.0,4
teeberry,27.0,3
teeze me,23.5,3
tempo paris,100.0,2
ten sixty sherman,17.0,1
ter de caractere,45.0,4
tevolio,22.0,1
thakoon,50.0,4
the clothing company,39.0,3
the jetset diaries,80.0,4
the kooples,15.0,1
the limited,21.571428571428573,1
the moon,20.0,1
the north face,45.0,4
the o boutique,31.5,3
the row,135.0,2
the vintage shop,4.0,5
theboldbohemian,50.0,4
theory,35.31578947368421,3
thml,25.75,3
thread & supply,10.0,5
thread social,10.0,5
three bird nest,13.0,1
three dots,12.0,1
three little hearts,3.0,5
three pink hearts,9.0,5
tiana b.,34.0,3
tiare hawaii,17.5,1
tibi,87.5,4
tiger mist,37.5,3
tiki palm,16.0,1
time and tru,8.0,5
tinley road,15.0,1
title nine,29.0,3
toad&co,25.0,3
tobi,18.22222222222222,1
together!,10.0,5
tommy bahama,25.0,3
tommy hilfiger,22.416666666666668,1
topshop,23.181818181818183,3
tori richard,150.0,2
torn by ronny kobo,29.333333333333332,3
torrid,24.774193548387096,3
tory burch,51.42307692307692,4
tough luv,35.0,3
tracy negoshian,18.0,1
tracy reese,43.2,4
tradlands,40.0,3
trashy diva,50.0,4
trendy boutique,6.0,5
tribal,8.0,5
tricia fix,60.0,4
trina turk,45.4,4
trindy clozet boutique,29.0,3
trixxi,28.0,3
trixxi three pink hearts,20.0,1
true blue,9.0,5
true craft,20.0,1
true religion,50.5,4
tucker,100.0,2
tuckernuck,91.0,4
tularosa,37.5,3
tweeds,9.0,5
tweeze me,38.0,3
twelfth street by cynthia vincent,25.0,3
twilight connection,40.0,3
twilight gypsy collective,69.0,4
two by vince camuto,20.0,1
two sisters,30.0,3
two sisters the label,40.0,3
tyler boe,38.0,3
tysa,24.0,3
ulla johnson,138.33333333333334,2
ulla popken,20.0,1
umgee,18.105263157894736,1
unbranded,31.5,3
uncle frank,82.5,4
under armour,62.0,4
uniq sense,32.0,3
uniqlo,15.5,1
unique styles dresses,54.0,4
unique vintage,29.5,3
united colors of benetton,18.0,1
unity blend,15.0,1
universal thread,14.636363636363637,1
unknown,8.666666666666666,5
urban outfitters,22.225806451612904,1
ursula of switzerland,65.0,4
va et vien,295.0,2
valentino,85.0,4
valerie bertinelli,8.0,5
valmarie,25.0,3
vanilla sky,19.0,1
vans,25.0,3
vasna desire,4.0,5
velvet torch,13.0,1
velzera,15.0,1
venus,16.318181818181817,1
vera wang,59.375,4
vera wang lavender label,85.0,4
verge girl,31.0,3
vermont country store,20.0,1
veroex,60.0,4
veronica beard,91.0,4
veronica m,19.5,1
versace,59.0,4
very j,16.0,1
vetta,25.0,3
vfish,22.0,1
vibe,15.0,1
vibe sports wear,8.0,5
vici,31.785714285714285,3
vici collection,32.0,3
vici dolls,45.0,4
victor costa,290.0,2
victor victoria,13.0,1
victoria beckham for target,18.0,1
victoria's secret,20.714285714285715,1
vijo couture,29.0,3
vince,52.888888888888886,4
vince camuto,31.642857142857142,3
vineyard vines,52.0,4
vintage,32.666666666666664,3
vintage 316,69.0,4
vision,6.0,5
vivienne tam,15.0,1
vivienne westwood,85.0,4
vocal apparel,40.0,3
voir voir,15.0,1
volcom,18.333333333333332,1
voodoo vixen,35.8,3
voom by joy han,16.5,1
wahine toa designs,50.0,4
wallflower,18.0,1
walter baker,18.0,1
wanna b,10.0,5
wasabi + mint,18.0,1
watters,40.0,3
wayf,37.6,3
weissman,16.0,1
west loop,10.0,5
west market sf,36.0,3
westport,5.0,5
westport 1962,15.0,1
wet seal,3.0,5
white fox boutique,28.25,3
white house black market,28.791666666666668,3
white mark,31.0,3
white stag,19.0,1
whitney eve,22.0,1
who what wear,13.866666666666667,1
wife of eric,35.0,3
wila,28.0,3
wild fable,10.0,5
wild honey of honey punch,19.0,1
wilfred,47.0,4
wilfred free,31.0,3
william morris co x h&m,34.0,3
windsor,22.65,1
with jean,135.0,2
wolford,25.0,3
woman within,15.75,1
worthington,14.333333333333334,1
wow couture,35.0,3
wren & ivory,20.0,1
wren and ivory,28.0,3
xhilaration,11.1,5
xirena,50.0,4
xoxo,15.0,1
xpress,15.0,1
xscape,36.333333333333336,3
xscape by joanna chen,20.0,1
xtaren,29.0,3
ya los angeles,8.0,5
yes style,6.0,5
yfy,20.0,1
young fabulous & broke,33.333333333333336,3
yumi,30.0,3
yumi kim,62.333333333333336,4
yves cossette depeche mode,23.0,3
yves saint laurent,75.0,4
z & l,13.0,1
z supply,20.5,1
zac posen,65.0,4
zac posen for target,98.33333333333333,2
zaful,16.666666666666668,1
zara,31.47482014388489,3
zenana,15.0,1
zenana outfitters,17.75,1
zenana premium,21.0,1
zenobia,12.5,1
zero + maria cornejo,80.0,4
zhennymph,36.0,3
zhivago,227.5,2
zimmermann,180.0,2
